{
    "code": 1,
    "data": {
        "code": "0000",
        "marketChart": [
            [
                1452747600000,
                30,
                60.29
                ],
            [
                1452834000000,
                3,
                60.29
                ],
            [
                1453179600000,
                15,
                60.29
                ],
            [
                1453266000000,
                20,
                60.29
                ]
        ],
        "marketIndex": -0.42,
        "maxIncome": 5.59,
        "msg": "查询成功",
        "stockChart": [
            [
                1452747600000,
                10,
                60.29
                ],
            [
                1452834000000,
                10,
                60.29
                ],
            [
                1453179600000,
                0,
                60.29
                ],
            [
                1453266000000,
                10,
                60.29
                ]

        ],
        "stopLossLine": -10,
        "success": true,
        "targetIncome": 5
    },
    "errcode": 1,
    "flushTime": null,
    "msg": "成功",
    "success": true,
    "systime": 1468399345321,
    "trade": false,
    "usIsTrade": false
}
